prim_db	prim_id	prim_alt	prim_cons	sec_db	sec_id	sec_alt	sec_cons	trim_left	trim_right	red_db	red_id	red_alt	E-value	gap	orient	count	total	adj_p-value	p-value
meme.xml	GCTGGGATTACAGGC	MEME-2	GCTGGGATTACAGGC	meme.xml	CCTYRGCCTCCCRAR	MEME-3	CCTYRGCCTCCCRAR	0	0	.	.	.	0.00e+00	2	0	221	435	0.00e+00	0.00e+00
meme.xml	GCTGGGATTACAGGC	MEME-2	GCTGGGATTACAGGC	meme.xml	CCTYRGCCTCCCRAR	MEME-3	CCTYRGCCTCCCRAR	0	0	.	.	.	0.00e+00	2	4	221	435	0.00e+00	0.00e+00
meme.xml	GCTGGGATTACAGGC	MEME-2	GCTGGGATTACAGGC	meme.xml	CCTYRGCCTCCCRAR	MEME-3	CCTYRGCCTCCCRAR	0	0	.	.	.	0.00e+00	2	5	221	435	0.00e+00	0.00e+00
meme.xml	GCTGGGATTACAGGC	MEME-2	GCTGGGATTACAGGC	meme.xml	CCTYRGCCTCCCRAR	MEME-3	CCTYRGCCTCCCRAR	0	0	.	.	.	0.00e+00	2	8	221	435	0.00e+00	0.00e+00
meme.xml	GCTGGGATTACAGGC	MEME-2	GCTGGGATTACAGGC	meme.xml	CCTYRGCCTCCCRAR	MEME-3	CCTYRGCCTCCCRAR	0	0	.	.	.	0.00e+00	34	0	31	435	2.15e-39	1.93e-38
meme.xml	GCTGGGATTACAGGC	MEME-2	GCTGGGATTACAGGC	meme.xml	CCTYRGCCTCCCRAR	MEME-3	CCTYRGCCTCCCRAR	0	0	.	.	.	0.00e+00	34	4	32	435	1.04e-31	9.40e-31
meme.xml	GCTGGGATTACAGGC	MEME-2	GCTGGGATTACAGGC	meme.xml	CCTYRGCCTCCCRAR	MEME-3	CCTYRGCCTCCCRAR	0	0	.	.	.	0.00e+00	34	5	32	435	1.04e-31	9.40e-31
meme.xml	GCTGGGATTACAGGC	MEME-2	GCTGGGATTACAGGC	meme.xml	CCTYRGCCTCCCRAR	MEME-3	CCTYRGCCTCCCRAR	0	0	.	.	.	0.00e+00	34	8	33	435	9.57e-24	8.61e-23
meme.xml	GCTGGGATTACAGGC	MEME-2	GCTGGGATTACAGGC	meme.xml	CCTYRGCCTCCCRAR	MEME-3	CCTYRGCCTCCCRAR	0	0	.	.	.	0.00e+00	135	0	15	435	1.13e-15	1.02e-14
meme.xml	GCTGGGATTACAGGC	MEME-2	GCTGGGATTACAGGC	meme.xml	CCTYRGCCTCCCRAR	MEME-3	CCTYRGCCTCCCRAR	0	0	.	.	.	0.00e+00	32	0	14	435	2.19e-14	1.97e-13
meme.xml	GCTGGGATTACAGGC	MEME-2	GCTGGGATTACAGGC	meme.xml	CCTYRGCCTCCCRAR	MEME-3	CCTYRGCCTCCCRAR	0	0	.	.	.	0.00e+00	135	4	15	435	1.80e-11	1.62e-10
meme.xml	GCTGGGATTACAGGC	MEME-2	GCTGGGATTACAGGC	meme.xml	CCTYRGCCTCCCRAR	MEME-3	CCTYRGCCTCCCRAR	0	0	.	.	.	0.00e+00	135	5	15	435	1.80e-11	1.62e-10
meme.xml	GCTGGGATTACAGGC	MEME-2	GCTGGGATTACAGGC	meme.xml	CCTYRGCCTCCCRAR	MEME-3	CCTYRGCCTCCCRAR	0	0	.	.	.	0.00e+00	32	4	14	435	1.75e-10	1.57e-09
meme.xml	GCTGGGATTACAGGC	MEME-2	GCTGGGATTACAGGC	meme.xml	CCTYRGCCTCCCRAR	MEME-3	CCTYRGCCTCCCRAR	0	0	.	.	.	0.00e+00	32	5	14	435	1.75e-10	1.57e-09
meme.xml	GCTGGGATTACAGGC	MEME-2	GCTGGGATTACAGGC	meme.xml	CCTYRGCCTCCCRAR	MEME-3	CCTYRGCCTCCCRAR	0	0	.	.	.	0.00e+00	135	8	15	435	1.39e-07	1.25e-06
meme.xml	GCTGGGATTACAGGC	MEME-2	GCTGGGATTACAGGC	meme.xml	CCTYRGCCTCCCRAR	MEME-3	CCTYRGCCTCCCRAR	0	0	.	.	.	0.00e+00	134	0	8	435	2.15e-07	1.94e-06
meme.xml	GCTGGGATTACAGGC	MEME-2	GCTGGGATTACAGGC	meme.xml	CCTYRGCCTCCCRAR	MEME-3	CCTYRGCCTCCCRAR	0	0	.	.	.	0.00e+00	32	8	14	435	6.81e-07	6.13e-06
meme.xml	GCTGGGATTACAGGC	MEME-2	GCTGGGATTACAGGC	streme.xml	2-GCCTCRGCCTCCCAA	STREME-2	GCCTCRGCCTCCCAA	0	0	streme.xml	CCTYRGCCTCCCRAR	MEME-3	0.00e+00	3	0	217	377	0.00e+00	0.00e+00
meme.xml	GCTGGGATTACAGGC	MEME-2	GCTGGGATTACAGGC	streme.xml	2-GCCTCRGCCTCCCAA	STREME-2	GCCTCRGCCTCCCAA	0	0	streme.xml	CCTYRGCCTCCCRAR	MEME-3	0.00e+00	3	4	217	377	0.00e+00	0.00e+00
meme.xml	GCTGGGATTACAGGC	MEME-2	GCTGGGATTACAGGC	streme.xml	2-GCCTCRGCCTCCCAA	STREME-2	GCCTCRGCCTCCCAA	0	0	streme.xml	CCTYRGCCTCCCRAR	MEME-3	0.00e+00	3	5	217	377	0.00e+00	0.00e+00
meme.xml	GCTGGGATTACAGGC	MEME-2	GCTGGGATTACAGGC	streme.xml	2-GCCTCRGCCTCCCAA	STREME-2	GCCTCRGCCTCCCAA	0	0	streme.xml	CCTYRGCCTCCCRAR	MEME-3	0.00e+00	3	8	217	377	0.00e+00	0.00e+00
meme.xml	GCTGGGATTACAGGC	MEME-2	GCTGGGATTACAGGC	streme.xml	2-GCCTCRGCCTCCCAA	STREME-2	GCCTCRGCCTCCCAA	0	0	streme.xml	CCTYRGCCTCCCRAR	MEME-3	0.00e+00	35	0	17	377	2.27e-19	2.05e-18
meme.xml	GCTGGGATTACAGGC	MEME-2	GCTGGGATTACAGGC	streme.xml	2-GCCTCRGCCTCCCAA	STREME-2	GCCTCRGCCTCCCAA	0	0	streme.xml	CCTYRGCCTCCCRAR	MEME-3	0.00e+00	35	4	17	377	1.60e-14	1.44e-13
meme.xml	GCTGGGATTACAGGC	MEME-2	GCTGGGATTACAGGC	streme.xml	2-GCCTCRGCCTCCCAA	STREME-2	GCCTCRGCCTCCCAA	0	0	streme.xml	CCTYRGCCTCCCRAR	MEME-3	0.00e+00	35	5	17	377	1.60e-14	1.44e-13
meme.xml	GCTGGGATTACAGGC	MEME-2	GCTGGGATTACAGGC	streme.xml	2-GCCTCRGCCTCCCAA	STREME-2	GCCTCRGCCTCCCAA	0	0	streme.xml	CCTYRGCCTCCCRAR	MEME-3	0.00e+00	35	8	17	377	6.00e-10	5.40e-09
meme.xml	GCTGGGATTACAGGC	MEME-2	GCTGGGATTACAGGC	streme.xml	2-GCCTCRGCCTCCCAA	STREME-2	GCCTCRGCCTCCCAA	0	0	streme.xml	CCTYRGCCTCCCRAR	MEME-3	0.00e+00	135	0	8	377	7.46e-08	6.71e-07
meme.xml	GCTGGGATTACAGGC	MEME-2	GCTGGGATTACAGGC	streme.xml	4-CCAGGCTGGWST	STREME-4	CCAGGCTGGWST	0	0	.	.	.	3.44e-157	46	0	89	344	4.37e-162	3.93e-161
meme.xml	GCTGGGATTACAGGC	MEME-2	GCTGGGATTACAGGC	streme.xml	4-CCAGGCTGGWST	STREME-4	CCAGGCTGGWST	0	0	.	.	.	3.44e-157	46	4	89	344	1.72e-135	1.54e-134
meme.xml	GCTGGGATTACAGGC	MEME-2	GCTGGGATTACAGGC	streme.xml	4-CCAGGCTGGWST	STREME-4	CCAGGCTGGWST	0	0	.	.	.	3.44e-157	46	5	89	344	1.72e-135	1.54e-134
meme.xml	GCTGGGATTACAGGC	MEME-2	GCTGGGATTACAGGC	streme.xml	4-CCAGGCTGGWST	STREME-4	CCAGGCTGGWST	0	0	.	.	.	3.44e-157	46	8	89	344	4.27e-109	3.84e-108
meme.xml	GCTGGGATTACAGGC	MEME-2	GCTGGGATTACAGGC	streme.xml	4-CCAGGCTGGWST	STREME-4	CCAGGCTGGWST	0	0	.	.	.	3.44e-157	44	0	32	344	1.18e-44	1.06e-43
meme.xml	GCTGGGATTACAGGC	MEME-2	GCTGGGATTACAGGC	streme.xml	4-CCAGGCTGGWST	STREME-4	CCAGGCTGGWST	0	0	.	.	.	3.44e-157	44	4	38	344	2.85e-44	2.56e-43
meme.xml	GCTGGGATTACAGGC	MEME-2	GCTGGGATTACAGGC	streme.xml	4-CCAGGCTGGWST	STREME-4	CCAGGCTGGWST	0	0	.	.	.	3.44e-157	44	5	32	344	2.93e-35	2.64e-34
meme.xml	GCTGGGATTACAGGC	MEME-2	GCTGGGATTACAGGC	streme.xml	4-CCAGGCTGGWST	STREME-4	CCAGGCTGGWST	0	0	.	.	.	3.44e-157	44	8	38	344	2.67e-33	2.40e-32
meme.xml	GCTGGGATTACAGGC	MEME-2	GCTGGGATTACAGGC	streme.xml	4-CCAGGCTGGWST	STREME-4	CCAGGCTGGWST	0	0	.	.	.	3.44e-157	77	0	23	344	1.86e-29	1.68e-28
meme.xml	GCTGGGATTACAGGC	MEME-2	GCTGGGATTACAGGC	streme.xml	4-CCAGGCTGGWST	STREME-4	CCAGGCTGGWST	0	0	.	.	.	3.44e-157	77	4	23	344	8.99e-23	8.09e-22
meme.xml	GCTGGGATTACAGGC	MEME-2	GCTGGGATTACAGGC	streme.xml	4-CCAGGCTGGWST	STREME-4	CCAGGCTGGWST	0	0	.	.	.	3.44e-157	77	5	23	344	8.99e-23	8.09e-22
meme.xml	GCTGGGATTACAGGC	MEME-2	GCTGGGATTACAGGC	streme.xml	4-CCAGGCTGGWST	STREME-4	CCAGGCTGGWST	0	0	.	.	.	3.44e-157	77	8	23	344	2.49e-16	2.24e-15
meme.xml	GCTGGGATTACAGGC	MEME-2	GCTGGGATTACAGGC	streme.xml	4-CCAGGCTGGWST	STREME-4	CCAGGCTGGWST	0	0	.	.	.	3.44e-157	45	0	11	344	6.96e-12	6.26e-11
meme.xml	GCTGGGATTACAGGC	MEME-2	GCTGGGATTACAGGC	streme.xml	4-CCAGGCTGGWST	STREME-4	CCAGGCTGGWST	0	0	.	.	.	3.44e-157	47	0	10	344	1.28e-10	1.15e-09
meme.xml	GCTGGGATTACAGGC	MEME-2	GCTGGGATTACAGGC	streme.xml	4-CCAGGCTGGWST	STREME-4	CCAGGCTGGWST	0	0	.	.	.	3.44e-157	45	4	12	344	8.19e-10	7.37e-09
meme.xml	GCTGGGATTACAGGC	MEME-2	GCTGGGATTACAGGC	streme.xml	4-CCAGGCTGGWST	STREME-4	CCAGGCTGGWST	0	0	.	.	.	3.44e-157	45	5	11	344	8.25e-09	7.42e-08
meme.xml	GCTGGGATTACAGGC	MEME-2	GCTGGGATTACAGGC	streme.xml	4-CCAGGCTGGWST	STREME-4	CCAGGCTGGWST	0	0	.	.	.	3.44e-157	62	2	8	344	3.19e-08	2.87e-07
meme.xml	GCTGGGATTACAGGC	MEME-2	GCTGGGATTACAGGC	streme.xml	4-CCAGGCTGGWST	STREME-4	CCAGGCTGGWST	0	0	.	.	.	3.44e-157	47	4	10	344	7.60e-08	6.84e-07
meme.xml	GCTGGGATTACAGGC	MEME-2	GCTGGGATTACAGGC	streme.xml	4-CCAGGCTGGWST	STREME-4	CCAGGCTGGWST	0	0	.	.	.	3.44e-157	47	5	10	344	7.60e-08	6.84e-07
meme.xml	GCTGGGATTACAGGC	MEME-2	GCTGGGATTACAGGC	streme.xml	4-CCAGGCTGGWST	STREME-4	CCAGGCTGGWST	0	0	.	.	.	3.44e-157	78	0	7	344	4.24e-07	3.82e-06
meme.xml	GCTGGGATTACAGGC	MEME-2	GCTGGGATTACAGGC	streme.xml	4-CCAGGCTGGWST	STREME-4	CCAGGCTGGWST	0	0	.	.	.	3.44e-157	61	2	7	344	4.24e-07	3.82e-06
meme.xml	GCTGGGATTACAGGC	MEME-2	GCTGGGATTACAGGC	streme.xml	4-CCAGGCTGGWST	STREME-4	CCAGGCTGGWST	0	0	.	.	.	3.44e-157	45	8	12	344	1.12e-06	1.01e-05
meme.xml	GCTGGGATTACAGGC	MEME-2	GCTGGGATTACAGGC	meme.xml	AAWAAAAAWAAAAAA	MEME-1	AAWAAAAAWAAAAAA	0	0	.	.	.	7.56e-53	82	1	59	1484	9.80e-58	8.82e-57
meme.xml	GCTGGGATTACAGGC	MEME-2	GCTGGGATTACAGGC	meme.xml	AAWAAAAAWAAAAAA	MEME-1	AAWAAAAAWAAAAAA	0	0	.	.	.	7.56e-53	83	1	49	1484	1.40e-44	1.26e-43
meme.xml	GCTGGGATTACAGGC	MEME-2	GCTGGGATTACAGGC	meme.xml	AAWAAAAAWAAAAAA	MEME-1	AAWAAAAAWAAAAAA	0	0	.	.	.	7.56e-53	82	4	61	1484	3.22e-43	2.90e-42
meme.xml	GCTGGGATTACAGGC	MEME-2	GCTGGGATTACAGGC	meme.xml	AAWAAAAAWAAAAAA	MEME-1	AAWAAAAAWAAAAAA	0	0	.	.	.	7.56e-53	85	1	47	1484	4.72e-42	4.25e-41
meme.xml	GCTGGGATTACAGGC	MEME-2	GCTGGGATTACAGGC	meme.xml	AAWAAAAAWAAAAAA	MEME-1	AAWAAAAAWAAAAAA	0	0	.	.	.	7.56e-53	82	6	59	1484	4.28e-41	3.85e-40
meme.xml	GCTGGGATTACAGGC	MEME-2	GCTGGGATTACAGGC	meme.xml	AAWAAAAAWAAAAAA	MEME-1	AAWAAAAAWAAAAAA	0	0	.	.	.	7.56e-53	84	1	45	1484	1.46e-39	1.31e-38
meme.xml	GCTGGGATTACAGGC	MEME-2	GCTGGGATTACAGGC	meme.xml	AAWAAAAAWAAAAAA	MEME-1	AAWAAAAAWAAAAAA	0	0	.	.	.	7.56e-53	83	4	51	1484	6.49e-33	5.84e-32
meme.xml	GCTGGGATTACAGGC	MEME-2	GCTGGGATTACAGGC	meme.xml	AAWAAAAAWAAAAAA	MEME-1	AAWAAAAAWAAAAAA	0	0	.	.	.	7.56e-53	85	4	50	1484	6.27e-32	5.64e-31
meme.xml	GCTGGGATTACAGGC	MEME-2	GCTGGGATTACAGGC	meme.xml	AAWAAAAAWAAAAAA	MEME-1	AAWAAAAAWAAAAAA	0	0	.	.	.	7.56e-53	86	1	38	1484	3.60e-31	3.24e-30
meme.xml	GCTGGGATTACAGGC	MEME-2	GCTGGGATTACAGGC	meme.xml	AAWAAAAAWAAAAAA	MEME-1	AAWAAAAAWAAAAAA	0	0	.	.	.	7.56e-53	83	6	49	1484	5.93e-31	5.34e-30
meme.xml	GCTGGGATTACAGGC	MEME-2	GCTGGGATTACAGGC	meme.xml	AAWAAAAAWAAAAAA	MEME-1	AAWAAAAAWAAAAAA	0	0	.	.	.	7.56e-53	84	4	47	1484	4.99e-29	4.49e-28
meme.xml	GCTGGGATTACAGGC	MEME-2	GCTGGGATTACAGGC	meme.xml	AAWAAAAAWAAAAAA	MEME-1	AAWAAAAAWAAAAAA	0	0	.	.	.	7.56e-53	85	6	47	1484	4.99e-29	4.49e-28
meme.xml	GCTGGGATTACAGGC	MEME-2	GCTGGGATTACAGGC	meme.xml	AAWAAAAAWAAAAAA	MEME-1	AAWAAAAAWAAAAAA	0	0	.	.	.	7.56e-53	82	8	62	1484	7.20e-28	6.48e-27
meme.xml	GCTGGGATTACAGGC	MEME-2	GCTGGGATTACAGGC	meme.xml	AAWAAAAAWAAAAAA	MEME-1	AAWAAAAAWAAAAAA	0	0	.	.	.	7.56e-53	81	1	35	1484	9.68e-28	8.71e-27
meme.xml	GCTGGGATTACAGGC	MEME-2	GCTGGGATTACAGGC	meme.xml	AAWAAAAAWAAAAAA	MEME-1	AAWAAAAAWAAAAAA	0	0	.	.	.	7.56e-53	84	6	45	1484	3.85e-27	3.47e-26
meme.xml	GCTGGGATTACAGGC	MEME-2	GCTGGGATTACAGGC	meme.xml	AAWAAAAAWAAAAAA	MEME-1	AAWAAAAAWAAAAAA	0	0	.	.	.	7.56e-53	86	4	40	1484	1.35e-22	1.21e-21
meme.xml	GCTGGGATTACAGGC	MEME-2	GCTGGGATTACAGGC	meme.xml	AAWAAAAAWAAAAAA	MEME-1	AAWAAAAAWAAAAAA	0	0	.	.	.	7.56e-53	80	1	29	1484	3.14e-21	2.82e-20
meme.xml	GCTGGGATTACAGGC	MEME-2	GCTGGGATTACAGGC	meme.xml	AAWAAAAAWAAAAAA	MEME-1	AAWAAAAAWAAAAAA	0	0	.	.	.	7.56e-53	86	6	38	1484	7.43e-21	6.69e-20
meme.xml	GCTGGGATTACAGGC	MEME-2	GCTGGGATTACAGGC	meme.xml	AAWAAAAAWAAAAAA	MEME-1	AAWAAAAAWAAAAAA	0	0	.	.	.	7.56e-53	83	8	52	1484	1.67e-20	1.51e-19
meme.xml	GCTGGGATTACAGGC	MEME-2	GCTGGGATTACAGGC	meme.xml	AAWAAAAAWAAAAAA	MEME-1	AAWAAAAAWAAAAAA	0	0	.	.	.	7.56e-53	81	4	37	1484	5.31e-20	4.78e-19
meme.xml	GCTGGGATTACAGGC	MEME-2	GCTGGGATTACAGGC	meme.xml	AAWAAAAAWAAAAAA	MEME-1	AAWAAAAAWAAAAAA	0	0	.	.	.	7.56e-53	81	6	37	1484	5.31e-20	4.78e-19
meme.xml	GCTGGGATTACAGGC	MEME-2	GCTGGGATTACAGGC	meme.xml	AAWAAAAAWAAAAAA	MEME-1	AAWAAAAAWAAAAAA	0	0	.	.	.	7.56e-53	85	8	51	1484	8.24e-20	7.42e-19
meme.xml	GCTGGGATTACAGGC	MEME-2	GCTGGGATTACAGGC	meme.xml	AAWAAAAAWAAAAAA	MEME-1	AAWAAAAAWAAAAAA	0	0	.	.	.	7.56e-53	23	3	27	1484	3.57e-19	3.21e-18
meme.xml	GCTGGGATTACAGGC	MEME-2	GCTGGGATTACAGGC	meme.xml	AAWAAAAAWAAAAAA	MEME-1	AAWAAAAAWAAAAAA	0	0	.	.	.	7.56e-53	84	8	49	1484	1.88e-18	1.69e-17
meme.xml	GCTGGGATTACAGGC	MEME-2	GCTGGGATTACAGGC	meme.xml	AAWAAAAAWAAAAAA	MEME-1	AAWAAAAAWAAAAAA	0	0	.	.	.	7.56e-53	111	1	25	1484	3.50e-17	3.15e-16
meme.xml	GCTGGGATTACAGGC	MEME-2	GCTGGGATTACAGGC	meme.xml	AAWAAAAAWAAAAAA	MEME-1	AAWAAAAAWAAAAAA	0	0	.	.	.	7.56e-53	110	1	24	1484	3.27e-16	2.94e-15
meme.xml	GCTGGGATTACAGGC	MEME-2	GCTGGGATTACAGGC	meme.xml	AAWAAAAAWAAAAAA	MEME-1	AAWAAAAAWAAAAAA	0	0	.	.	.	7.56e-53	113	1	24	1484	3.27e-16	2.94e-15
meme.xml	GCTGGGATTACAGGC	MEME-2	GCTGGGATTACAGGC	meme.xml	AAWAAAAAWAAAAAA	MEME-1	AAWAAAAAWAAAAAA	0	0	.	.	.	7.56e-53	114	1	24	1484	3.27e-16	2.94e-15
meme.xml	GCTGGGATTACAGGC	MEME-2	GCTGGGATTACAGGC	meme.xml	AAWAAAAAWAAAAAA	MEME-1	AAWAAAAAWAAAAAA	0	0	.	.	.	7.56e-53	22	3	24	1484	3.27e-16	2.94e-15
meme.xml	GCTGGGATTACAGGC	MEME-2	GCTGGGATTACAGGC	meme.xml	AAWAAAAAWAAAAAA	MEME-1	AAWAAAAAWAAAAAA	0	0	.	.	.	7.56e-53	80	4	32	1484	6.50e-16	5.85e-15
meme.xml	GCTGGGATTACAGGC	MEME-2	GCTGGGATTACAGGC	meme.xml	AAWAAAAAWAAAAAA	MEME-1	AAWAAAAAWAAAAAA	0	0	.	.	.	7.56e-53	87	1	23	1484	2.93e-15	2.64e-14
meme.xml	GCTGGGATTACAGGC	MEME-2	GCTGGGATTACAGGC	meme.xml	AAWAAAAAWAAAAAA	MEME-1	AAWAAAAAWAAAAAA	0	0	.	.	.	7.56e-53	112	1	23	1484	2.93e-15	2.64e-14
meme.xml	GCTGGGATTACAGGC	MEME-2	GCTGGGATTACAGGC	meme.xml	AAWAAAAAWAAAAAA	MEME-1	AAWAAAAAWAAAAAA	0	0	.	.	.	7.56e-53	116	1	23	1484	2.93e-15	2.64e-14
meme.xml	GCTGGGATTACAGGC	MEME-2	GCTGGGATTACAGGC	meme.xml	AAWAAAAAWAAAAAA	MEME-1	AAWAAAAAWAAAAAA	0	0	.	.	.	7.56e-53	80	6	30	1484	2.27e-14	2.04e-13
meme.xml	GCTGGGATTACAGGC	MEME-2	GCTGGGATTACAGGC	meme.xml	AAWAAAAAWAAAAAA	MEME-1	AAWAAAAAWAAAAAA	0	0	.	.	.	7.56e-53	117	1	22	1484	2.52e-14	2.27e-13
meme.xml	GCTGGGATTACAGGC	MEME-2	GCTGGGATTACAGGC	meme.xml	AAWAAAAAWAAAAAA	MEME-1	AAWAAAAAWAAAAAA	0	0	.	.	.	7.56e-53	88	1	21	1484	2.07e-13	1.86e-12
meme.xml	GCTGGGATTACAGGC	MEME-2	GCTGGGATTACAGGC	meme.xml	AAWAAAAAWAAAAAA	MEME-1	AAWAAAAAWAAAAAA	0	0	.	.	.	7.56e-53	115	1	21	1484	2.07e-13	1.86e-12
meme.xml	GCTGGGATTACAGGC	MEME-2	GCTGGGATTACAGGC	meme.xml	AAWAAAAAWAAAAAA	MEME-1	AAWAAAAAWAAAAAA	0	0	.	.	.	7.56e-53	86	8	41	1484	2.16e-13	1.94e-12
meme.xml	GCTGGGATTACAGGC	MEME-2	GCTGGGATTACAGGC	meme.xml	AAWAAAAAWAAAAAA	MEME-1	AAWAAAAAWAAAAAA	0	0	.	.	.	7.56e-53	23	7	28	1484	6.95e-13	6.25e-12
meme.xml	GCTGGGATTACAGGC	MEME-2	GCTGGGATTACAGGC	meme.xml	AAWAAAAAWAAAAAA	MEME-1	AAWAAAAAWAAAAAA	0	0	.	.	.	7.56e-53	109	1	20	1484	1.62e-12	1.46e-11
meme.xml	GCTGGGATTACAGGC	MEME-2	GCTGGGATTACAGGC	meme.xml	AAWAAAAAWAAAAAA	MEME-1	AAWAAAAAWAAAAAA	0	0	.	.	.	7.56e-53	20	3	20	1484	1.62e-12	1.46e-11
meme.xml	GCTGGGATTACAGGC	MEME-2	GCTGGGATTACAGGC	meme.xml	AAWAAAAAWAAAAAA	MEME-1	AAWAAAAAWAAAAAA	0	0	.	.	.	7.56e-53	81	8	39	1484	3.15e-12	2.83e-11
meme.xml	GCTGGGATTACAGGC	MEME-2	GCTGGGATTACAGGC	meme.xml	AAWAAAAAWAAAAAA	MEME-1	AAWAAAAAWAAAAAA	0	0	.	.	.	7.56e-53	23	5	27	1484	3.65e-12	3.28e-11
meme.xml	GCTGGGATTACAGGC	MEME-2	GCTGGGATTACAGGC	meme.xml	AAWAAAAAWAAAAAA	MEME-1	AAWAAAAAWAAAAAA	0	0	.	.	.	7.56e-53	111	6	26	1484	1.85e-11	1.66e-10
meme.xml	GCTGGGATTACAGGC	MEME-2	GCTGGGATTACAGGC	meme.xml	AAWAAAAAWAAAAAA	MEME-1	AAWAAAAAWAAAAAA	0	0	.	.	.	7.56e-53	22	7	26	1484	1.85e-11	1.66e-10
meme.xml	GCTGGGATTACAGGC	MEME-2	GCTGGGATTACAGGC	meme.xml	AAWAAAAAWAAAAAA	MEME-1	AAWAAAAAWAAAAAA	0	0	.	.	.	7.56e-53	89	1	18	1484	8.59e-11	7.73e-10
meme.xml	GCTGGGATTACAGGC	MEME-2	GCTGGGATTACAGGC	meme.xml	AAWAAAAAWAAAAAA	MEME-1	AAWAAAAAWAAAAAA	0	0	.	.	.	7.56e-53	122	1	18	1484	8.59e-11	7.73e-10
meme.xml	GCTGGGATTACAGGC	MEME-2	GCTGGGATTACAGGC	meme.xml	AAWAAAAAWAAAAAA	MEME-1	AAWAAAAAWAAAAAA	0	0	.	.	.	7.56e-53	24	3	18	1484	8.59e-11	7.73e-10
meme.xml	GCTGGGATTACAGGC	MEME-2	GCTGGGATTACAGGC	meme.xml	AAWAAAAAWAAAAAA	MEME-1	AAWAAAAAWAAAAAA	0	0	.	.	.	7.56e-53	87	4	25	1484	9.00e-11	8.10e-10
meme.xml	GCTGGGATTACAGGC	MEME-2	GCTGGGATTACAGGC	meme.xml	AAWAAAAAWAAAAAA	MEME-1	AAWAAAAAWAAAAAA	0	0	.	.	.	7.56e-53	111	4	25	1484	9.00e-11	8.10e-10
meme.xml	GCTGGGATTACAGGC	MEME-2	GCTGGGATTACAGGC	meme.xml	AAWAAAAAWAAAAAA	MEME-1	AAWAAAAAWAAAAAA	0	0	.	.	.	7.56e-53	110	4	24	1484	4.22e-10	3.80e-09
meme.xml	GCTGGGATTACAGGC	MEME-2	GCTGGGATTACAGGC	meme.xml	AAWAAAAAWAAAAAA	MEME-1	AAWAAAAAWAAAAAA	0	0	.	.	.	7.56e-53	113	4	24	1484	4.22e-10	3.80e-09
meme.xml	GCTGGGATTACAGGC	MEME-2	GCTGGGATTACAGGC	meme.xml	AAWAAAAAWAAAAAA	MEME-1	AAWAAAAAWAAAAAA	0	0	.	.	.	7.56e-53	114	4	24	1484	4.22e-10	3.80e-09
meme.xml	GCTGGGATTACAGGC	MEME-2	GCTGGGATTACAGGC	meme.xml	AAWAAAAAWAAAAAA	MEME-1	AAWAAAAAWAAAAAA	0	0	.	.	.	7.56e-53	22	5	24	1484	4.22e-10	3.80e-09
meme.xml	GCTGGGATTACAGGC	MEME-2	GCTGGGATTACAGGC	meme.xml	AAWAAAAAWAAAAAA	MEME-1	AAWAAAAAWAAAAAA	0	0	.	.	.	7.56e-53	110	6	24	1484	4.22e-10	3.80e-09
meme.xml	GCTGGGATTACAGGC	MEME-2	GCTGGGATTACAGGC	meme.xml	AAWAAAAAWAAAAAA	MEME-1	AAWAAAAAWAAAAAA	0	0	.	.	.	7.56e-53	113	6	24	1484	4.22e-10	3.80e-09
meme.xml	GCTGGGATTACAGGC	MEME-2	GCTGGGATTACAGGC	meme.xml	AAWAAAAAWAAAAAA	MEME-1	AAWAAAAAWAAAAAA	0	0	.	.	.	7.56e-53	114	6	24	1484	4.22e-10	3.80e-09
meme.xml	GCTGGGATTACAGGC	MEME-2	GCTGGGATTACAGGC	meme.xml	AAWAAAAAWAAAAAA	MEME-1	AAWAAAAAWAAAAAA	0	0	.	.	.	7.56e-53	79	1	17	1484	5.78e-10	5.20e-09
meme.xml	GCTGGGATTACAGGC	MEME-2	GCTGGGATTACAGGC	meme.xml	AAWAAAAAWAAAAAA	MEME-1	AAWAAAAAWAAAAAA	0	0	.	.	.	7.56e-53	108	1	17	1484	5.78e-10	5.20e-09
meme.xml	GCTGGGATTACAGGC	MEME-2	GCTGGGATTACAGGC	meme.xml	AAWAAAAAWAAAAAA	MEME-1	AAWAAAAAWAAAAAA	0	0	.	.	.	7.56e-53	118	1	17	1484	5.78e-10	5.20e-09
meme.xml	GCTGGGATTACAGGC	MEME-2	GCTGGGATTACAGGC	meme.xml	AAWAAAAAWAAAAAA	MEME-1	AAWAAAAAWAAAAAA	0	0	.	.	.	7.56e-53	21	3	17	1484	5.78e-10	5.20e-09
meme.xml	GCTGGGATTACAGGC	MEME-2	GCTGGGATTACAGGC	meme.xml	AAWAAAAAWAAAAAA	MEME-1	AAWAAAAAWAAAAAA	0	0	.	.	.	7.56e-53	25	3	17	1484	5.78e-10	5.20e-09
meme.xml	GCTGGGATTACAGGC	MEME-2	GCTGGGATTACAGGC	meme.xml	AAWAAAAAWAAAAAA	MEME-1	AAWAAAAAWAAAAAA	0	0	.	.	.	7.56e-53	88	4	23	1484	1.90e-09	1.71e-08
meme.xml	GCTGGGATTACAGGC	MEME-2	GCTGGGATTACAGGC	meme.xml	AAWAAAAAWAAAAAA	MEME-1	AAWAAAAAWAAAAAA	0	0	.	.	.	7.56e-53	112	4	23	1484	1.90e-09	1.71e-08
meme.xml	GCTGGGATTACAGGC	MEME-2	GCTGGGATTACAGGC	meme.xml	AAWAAAAAWAAAAAA	MEME-1	AAWAAAAAWAAAAAA	0	0	.	.	.	7.56e-53	116	4	23	1484	1.90e-09	1.71e-08
meme.xml	GCTGGGATTACAGGC	MEME-2	GCTGGGATTACAGGC	meme.xml	AAWAAAAAWAAAAAA	MEME-1	AAWAAAAAWAAAAAA	0	0	.	.	.	7.56e-53	87	6	23	1484	1.90e-09	1.71e-08
meme.xml	GCTGGGATTACAGGC	MEME-2	GCTGGGATTACAGGC	meme.xml	AAWAAAAAWAAAAAA	MEME-1	AAWAAAAAWAAAAAA	0	0	.	.	.	7.56e-53	112	6	23	1484	1.90e-09	1.71e-08
meme.xml	GCTGGGATTACAGGC	MEME-2	GCTGGGATTACAGGC	meme.xml	AAWAAAAAWAAAAAA	MEME-1	AAWAAAAAWAAAAAA	0	0	.	.	.	7.56e-53	116	6	23	1484	1.90e-09	1.71e-08
meme.xml	GCTGGGATTACAGGC	MEME-2	GCTGGGATTACAGGC	meme.xml	AAWAAAAAWAAAAAA	MEME-1	AAWAAAAAWAAAAAA	0	0	.	.	.	7.56e-53	90	1	16	1484	3.67e-09	3.30e-08
meme.xml	GCTGGGATTACAGGC	MEME-2	GCTGGGATTACAGGC	meme.xml	AAWAAAAAWAAAAAA	MEME-1	AAWAAAAAWAAAAAA	0	0	.	.	.	7.56e-53	121	1	16	1484	3.67e-09	3.30e-08
meme.xml	GCTGGGATTACAGGC	MEME-2	GCTGGGATTACAGGC	meme.xml	AAWAAAAAWAAAAAA	MEME-1	AAWAAAAAWAAAAAA	0	0	.	.	.	7.56e-53	80	8	33	1484	5.17e-09	4.66e-08
meme.xml	GCTGGGATTACAGGC	MEME-2	GCTGGGATTACAGGC	meme.xml	AAWAAAAAWAAAAAA	MEME-1	AAWAAAAAWAAAAAA	0	0	.	.	.	7.56e-53	117	4	22	1484	8.20e-09	7.38e-08
meme.xml	GCTGGGATTACAGGC	MEME-2	GCTGGGATTACAGGC	meme.xml	AAWAAAAAWAAAAAA	MEME-1	AAWAAAAAWAAAAAA	0	0	.	.	.	7.56e-53	117	6	22	1484	8.20e-09	7.38e-08
meme.xml	GCTGGGATTACAGGC	MEME-2	GCTGGGATTACAGGC	meme.xml	AAWAAAAAWAAAAAA	MEME-1	AAWAAAAAWAAAAAA	0	0	.	.	.	7.56e-53	78	1	15	1484	2.20e-08	1.98e-07
meme.xml	GCTGGGATTACAGGC	MEME-2	GCTGGGATTACAGGC	meme.xml	AAWAAAAAWAAAAAA	MEME-1	AAWAAAAAWAAAAAA	0	0	.	.	.	7.56e-53	91	1	15	1484	2.20e-08	1.98e-07
meme.xml	GCTGGGATTACAGGC	MEME-2	GCTGGGATTACAGGC	meme.xml	AAWAAAAAWAAAAAA	MEME-1	AAWAAAAAWAAAAAA	0	0	.	.	.	7.56e-53	119	1	15	1484	2.20e-08	1.98e-07
meme.xml	GCTGGGATTACAGGC	MEME-2	GCTGGGATTACAGGC	meme.xml	AAWAAAAAWAAAAAA	MEME-1	AAWAAAAAWAAAAAA	0	0	.	.	.	7.56e-53	120	1	15	1484	2.20e-08	1.98e-07
meme.xml	GCTGGGATTACAGGC	MEME-2	GCTGGGATTACAGGC	meme.xml	AAWAAAAAWAAAAAA	MEME-1	AAWAAAAAWAAAAAA	0	0	.	.	.	7.56e-53	89	4	21	1484	3.39e-08	3.05e-07
meme.xml	GCTGGGATTACAGGC	MEME-2	GCTGGGATTACAGGC	meme.xml	AAWAAAAAWAAAAAA	MEME-1	AAWAAAAAWAAAAAA	0	0	.	.	.	7.56e-53	115	4	21	1484	3.39e-08	3.05e-07
meme.xml	GCTGGGATTACAGGC	MEME-2	GCTGGGATTACAGGC	meme.xml	AAWAAAAAWAAAAAA	MEME-1	AAWAAAAAWAAAAAA	0	0	.	.	.	7.56e-53	88	6	21	1484	3.39e-08	3.05e-07
meme.xml	GCTGGGATTACAGGC	MEME-2	GCTGGGATTACAGGC	meme.xml	AAWAAAAAWAAAAAA	MEME-1	AAWAAAAAWAAAAAA	0	0	.	.	.	7.56e-53	115	6	21	1484	3.39e-08	3.05e-07
meme.xml	GCTGGGATTACAGGC	MEME-2	GCTGGGATTACAGGC	meme.xml	AAWAAAAAWAAAAAA	MEME-1	AAWAAAAAWAAAAAA	0	0	.	.	.	7.56e-53	20	7	21	1484	3.39e-08	3.05e-07
meme.xml	GCTGGGATTACAGGC	MEME-2	GCTGGGATTACAGGC	meme.xml	AAWAAAAAWAAAAAA	MEME-1	AAWAAAAAWAAAAAA	0	0	.	.	.	7.56e-53	28	3	14	1484	1.23e-07	1.11e-06
meme.xml	GCTGGGATTACAGGC	MEME-2	GCTGGGATTACAGGC	meme.xml	AAWAAAAAWAAAAAA	MEME-1	AAWAAAAAWAAAAAA	0	0	.	.	.	7.56e-53	29	3	14	1484	1.23e-07	1.11e-06
meme.xml	GCTGGGATTACAGGC	MEME-2	GCTGGGATTACAGGC	meme.xml	AAWAAAAAWAAAAAA	MEME-1	AAWAAAAAWAAAAAA	0	0	.	.	.	7.56e-53	109	4	20	1484	1.34e-07	1.20e-06
meme.xml	GCTGGGATTACAGGC	MEME-2	GCTGGGATTACAGGC	meme.xml	AAWAAAAAWAAAAAA	MEME-1	AAWAAAAAWAAAAAA	0	0	.	.	.	7.56e-53	20	5	20	1484	1.34e-07	1.20e-06
meme.xml	GCTGGGATTACAGGC	MEME-2	GCTGGGATTACAGGC	meme.xml	AAWAAAAAWAAAAAA	MEME-1	AAWAAAAAWAAAAAA	0	0	.	.	.	7.56e-53	109	6	20	1484	1.34e-07	1.20e-06
meme.xml	GCTGGGATTACAGGC	MEME-2	GCTGGGATTACAGGC	meme.xml	AAWAAAAAWAAAAAA	MEME-1	AAWAAAAAWAAAAAA	0	0	.	.	.	7.56e-53	90	4	19	1484	5.03e-07	4.53e-06
meme.xml	GCTGGGATTACAGGC	MEME-2	GCTGGGATTACAGGC	meme.xml	AAWAAAAAWAAAAAA	MEME-1	AAWAAAAAWAAAAAA	0	0	.	.	.	7.56e-53	79	6	19	1484	5.03e-07	4.53e-06
meme.xml	GCTGGGATTACAGGC	MEME-2	GCTGGGATTACAGGC	meme.xml	AAWAAAAAWAAAAAA	MEME-1	AAWAAAAAWAAAAAA	0	0	.	.	.	7.56e-53	122	6	19	1484	5.03e-07	4.53e-06
meme.xml	GCTGGGATTACAGGC	MEME-2	GCTGGGATTACAGGC	meme.xml	AAWAAAAAWAAAAAA	MEME-1	AAWAAAAAWAAAAAA	0	0	.	.	.	7.56e-53	21	7	19	1484	5.03e-07	4.53e-06
meme.xml	GCTGGGATTACAGGC	MEME-2	GCTGGGATTACAGGC	meme.xml	AAWAAAAAWAAAAAA	MEME-1	AAWAAAAAWAAAAAA	0	0	.	.	.	7.56e-53	24	7	19	1484	5.03e-07	4.53e-06
meme.xml	GCTGGGATTACAGGC	MEME-2	GCTGGGATTACAGGC	meme.xml	AAWAAAAAWAAAAAA	MEME-1	AAWAAAAAWAAAAAA	0	0	.	.	.	7.56e-53	92	1	13	1484	6.47e-07	5.82e-06
meme.xml	GCTGGGATTACAGGC	MEME-2	GCTGGGATTACAGGC	meme.xml	AAWAAAAAWAAAAAA	MEME-1	AAWAAAAAWAAAAAA	0	0	.	.	.	7.56e-53	123	1	13	1484	6.47e-07	5.82e-06
meme.xml	GCTGGGATTACAGGC	MEME-2	GCTGGGATTACAGGC	meme.xml	AAWAAAAAWAAAAAA	MEME-1	AAWAAAAAWAAAAAA	0	0	.	.	.	7.56e-53	124	1	13	1484	6.47e-07	5.82e-06
meme.xml	GCTGGGATTACAGGC	MEME-2	GCTGGGATTACAGGC	meme.xml	AAWAAAAAWAAAAAA	MEME-1	AAWAAAAAWAAAAAA	0	0	.	.	.	7.56e-53	26	3	13	1484	6.47e-07	5.82e-06
meme.xml	GCTGGGATTACAGGC	MEME-2	GCTGGGATTACAGGC	meme.xml	AAWAAAAAWAAAAAA	MEME-1	AAWAAAAAWAAAAAA	0	0	.	.	.	7.56e-53	27	3	13	1484	6.47e-07	5.82e-06
meme.xml	GCTGGGATTACAGGC	MEME-2	GCTGGGATTACAGGC	meme.xml	AAWAAAAAWAAAAAA	MEME-1	AAWAAAAAWAAAAAA	0	0	.	.	.	7.56e-53	23	8	28	1484	1.10e-06	9.91e-06
meme.xml	GCTGGGATTACAGGC	MEME-2	GCTGGGATTACAGGC	meme.xml	AAWAAAAAWAAAAAA	MEME-1	AAWAAAAAWAAAAAA	0	0	.	.	.	7.56e-53	87	8	28	1484	1.10e-06	9.91e-06
meme.xml	GCTGGGATTACAGGC	MEME-2	GCTGGGATTACAGGC	meme.xml	AAWAAAAAWAAAAAA	MEME-1	AAWAAAAAWAAAAAA	0	0	.	.	.	7.56e-53	111	8	28	1484	1.10e-06	9.91e-06
meme.xml	GCTGGGATTACAGGC	MEME-2	GCTGGGATTACAGGC	meme.xml	AAWAAAAAWAAAAAA	MEME-1	AAWAAAAAWAAAAAA	0	0	.	.	.	7.56e-53	79	4	18	1484	1.80e-06	1.62e-05
meme.xml	GCTGGGATTACAGGC	MEME-2	GCTGGGATTACAGGC	meme.xml	AAWAAAAAWAAAAAA	MEME-1	AAWAAAAAWAAAAAA	0	0	.	.	.	7.56e-53	91	4	18	1484	1.80e-06	1.62e-05
meme.xml	GCTGGGATTACAGGC	MEME-2	GCTGGGATTACAGGC	meme.xml	AAWAAAAAWAAAAAA	MEME-1	AAWAAAAAWAAAAAA	0	0	.	.	.	7.56e-53	122	4	18	1484	1.80e-06	1.62e-05
meme.xml	GCTGGGATTACAGGC	MEME-2	GCTGGGATTACAGGC	meme.xml	AAWAAAAAWAAAAAA	MEME-1	AAWAAAAAWAAAAAA	0	0	.	.	.	7.56e-53	24	5	18	1484	1.80e-06	1.62e-05
meme.xml	GCTGGGATTACAGGC	MEME-2	GCTGGGATTACAGGC	meme.xml	AAWAAAAAWAAAAAA	MEME-1	AAWAAAAAWAAAAAA	0	0	.	.	.	7.56e-53	25	5	18	1484	1.80e-06	1.62e-05
meme.xml	GCTGGGATTACAGGC	MEME-2	GCTGGGATTACAGGC	meme.xml	AAWAAAAAWAAAAAA	MEME-1	AAWAAAAAWAAAAAA	0	0	.	.	.	7.56e-53	89	6	18	1484	1.80e-06	1.62e-05
meme.xml	GCTGGGATTACAGGC	MEME-2	GCTGGGATTACAGGC	meme.xml	AAWAAAAAWAAAAAA	MEME-1	AAWAAAAAWAAAAAA	0	0	.	.	.	7.56e-53	118	6	18	1484	1.80e-06	1.62e-05
meme.xml	GCTGGGATTACAGGC	MEME-2	GCTGGGATTACAGGC	meme.xml	AAWAAAAAWAAAAAA	MEME-1	AAWAAAAAWAAAAAA	0	0	.	.	.	7.56e-53	25	7	18	1484	1.80e-06	1.62e-05
meme.xml	GCTGGGATTACAGGC	MEME-2	GCTGGGATTACAGGC	meme.xml	AAWAAAAAWAAAAAA	MEME-1	AAWAAAAAWAAAAAA	0	0	.	.	.	7.56e-53	95	1	12	1484	3.16e-06	2.84e-05
meme.xml	GCTGGGATTACAGGC	MEME-2	GCTGGGATTACAGGC	meme.xml	AAWAAAAAWAAAAAA	MEME-1	AAWAAAAAWAAAAAA	0	0	.	.	.	7.56e-53	30	3	12	1484	3.16e-06	2.84e-05
meme.xml	GCTGGGATTACAGGC	MEME-2	GCTGGGATTACAGGC	meme.xml	GCTGGGATTACAGGC	MEME-2	GCTGGGATTACAGGC	0	0	.	.	.	9.37e-25	121	0	20	193	1.21e-29	1.09e-28
meme.xml	GCTGGGATTACAGGC	MEME-2	GCTGGGATTACAGGC	meme.xml	GCTGGGATTACAGGC	MEME-2	GCTGGGATTACAGGC	0	0	.	.	.	9.37e-25	121	4	20	193	9.40e-24	8.46e-23
meme.xml	GCTGGGATTACAGGC	MEME-2	GCTGGGATTACAGGC	meme.xml	GCTGGGATTACAGGC	MEME-2	GCTGGGATTACAGGC	0	0	.	.	.	9.37e-25	121	5	20	193	9.40e-24	8.46e-23
meme.xml	GCTGGGATTACAGGC	MEME-2	GCTGGGATTACAGGC	meme.xml	GCTGGGATTACAGGC	MEME-2	GCTGGGATTACAGGC	0	0	.	.	.	9.37e-25	119	0	16	193	1.30e-22	1.17e-21
meme.xml	GCTGGGATTACAGGC	MEME-2	GCTGGGATTACAGGC	meme.xml	GCTGGGATTACAGGC	MEME-2	GCTGGGATTACAGGC	0	0	.	.	.	9.37e-25	121	8	23	193	1.04e-21	9.32e-21
meme.xml	GCTGGGATTACAGGC	MEME-2	GCTGGGATTACAGGC	meme.xml	GCTGGGATTACAGGC	MEME-2	GCTGGGATTACAGGC	0	0	.	.	.	9.37e-25	118	0	14	193	2.90e-19	2.61e-18
meme.xml	GCTGGGATTACAGGC	MEME-2	GCTGGGATTACAGGC	meme.xml	GCTGGGATTACAGGC	MEME-2	GCTGGGATTACAGGC	0	0	.	.	.	9.37e-25	119	4	16	193	6.27e-18	5.64e-17
meme.xml	GCTGGGATTACAGGC	MEME-2	GCTGGGATTACAGGC	meme.xml	GCTGGGATTACAGGC	MEME-2	GCTGGGATTACAGGC	0	0	.	.	.	9.37e-25	119	5	16	193	6.27e-18	5.64e-17
meme.xml	GCTGGGATTACAGGC	MEME-2	GCTGGGATTACAGGC	meme.xml	GCTGGGATTACAGGC	MEME-2	GCTGGGATTACAGGC	0	0	.	.	.	9.37e-25	119	8	19	193	8.36e-17	7.53e-16
meme.xml	GCTGGGATTACAGGC	MEME-2	GCTGGGATTACAGGC	meme.xml	GCTGGGATTACAGGC	MEME-2	GCTGGGATTACAGGC	0	0	.	.	.	9.37e-25	122	0	12	193	4.79e-16	4.31e-15
meme.xml	GCTGGGATTACAGGC	MEME-2	GCTGGGATTACAGGC	meme.xml	GCTGGGATTACAGGC	MEME-2	GCTGGGATTACAGGC	0	0	.	.	.	9.37e-25	118	8	18	193	1.23e-15	1.11e-14
meme.xml	GCTGGGATTACAGGC	MEME-2	GCTGGGATTACAGGC	meme.xml	GCTGGGATTACAGGC	MEME-2	GCTGGGATTACAGGC	0	0	.	.	.	9.37e-25	118	4	14	193	3.49e-15	3.14e-14
meme.xml	GCTGGGATTACAGGC	MEME-2	GCTGGGATTACAGGC	meme.xml	GCTGGGATTACAGGC	MEME-2	GCTGGGATTACAGGC	0	0	.	.	.	9.37e-25	118	5	14	193	3.49e-15	3.14e-14
meme.xml	GCTGGGATTACAGGC	MEME-2	GCTGGGATTACAGGC	meme.xml	GCTGGGATTACAGGC	MEME-2	GCTGGGATTACAGGC	0	0	.	.	.	9.37e-25	120	0	11	193	1.72e-14	1.55e-13
meme.xml	GCTGGGATTACAGGC	MEME-2	GCTGGGATTACAGGC	meme.xml	GCTGGGATTACAGGC	MEME-2	GCTGGGATTACAGGC	0	0	.	.	.	9.37e-25	122	4	12	193	1.44e-12	1.30e-11
meme.xml	GCTGGGATTACAGGC	MEME-2	GCTGGGATTACAGGC	meme.xml	GCTGGGATTACAGGC	MEME-2	GCTGGGATTACAGGC	0	0	.	.	.	9.37e-25	122	5	12	193	1.44e-12	1.30e-11
meme.xml	GCTGGGATTACAGGC	MEME-2	GCTGGGATTACAGGC	meme.xml	GCTGGGATTACAGGC	MEME-2	GCTGGGATTACAGGC	0	0	.	.	.	9.37e-25	117	0	9	193	1.66e-11	1.50e-10
meme.xml	GCTGGGATTACAGGC	MEME-2	GCTGGGATTACAGGC	meme.xml	GCTGGGATTACAGGC	MEME-2	GCTGGGATTACAGGC	0	0	.	.	.	9.37e-25	120	4	11	193	2.59e-11	2.33e-10
meme.xml	GCTGGGATTACAGGC	MEME-2	GCTGGGATTACAGGC	meme.xml	GCTGGGATTACAGGC	MEME-2	GCTGGGATTACAGGC	0	0	.	.	.	9.37e-25	120	5	11	193	2.59e-11	2.33e-10
meme.xml	GCTGGGATTACAGGC	MEME-2	GCTGGGATTACAGGC	meme.xml	GCTGGGATTACAGGC	MEME-2	GCTGGGATTACAGGC	0	0	.	.	.	9.37e-25	120	8	13	193	3.27e-10	2.94e-09
meme.xml	GCTGGGATTACAGGC	MEME-2	GCTGGGATTACAGGC	meme.xml	GCTGGGATTACAGGC	MEME-2	GCTGGGATTACAGGC	0	0	.	.	.	9.37e-25	122	8	13	193	3.27e-10	2.94e-09
meme.xml	GCTGGGATTACAGGC	MEME-2	GCTGGGATTACAGGC	meme.xml	GCTGGGATTACAGGC	MEME-2	GCTGGGATTACAGGC	0	0	.	.	.	9.37e-25	117	4	9	193	6.29e-09	5.66e-08
meme.xml	GCTGGGATTACAGGC	MEME-2	GCTGGGATTACAGGC	meme.xml	GCTGGGATTACAGGC	MEME-2	GCTGGGATTACAGGC	0	0	.	.	.	9.37e-25	117	5	9	193	6.29e-09	5.66e-08
meme.xml	GCTGGGATTACAGGC	MEME-2	GCTGGGATTACAGGC	meme.xml	GCTGGGATTACAGGC	MEME-2	GCTGGGATTACAGGC	0	0	.	.	.	9.37e-25	124	0	7	193	1.04e-08	9.33e-08
meme.xml	GCTGGGATTACAGGC	MEME-2	GCTGGGATTACAGGC	meme.xml	GCTGGGATTACAGGC	MEME-2	GCTGGGATTACAGGC	0	0	.	.	.	9.37e-25	117	8	10	193	2.36e-07	2.12e-06
meme.xml	GCTGGGATTACAGGC	MEME-2	GCTGGGATTACAGGC	meme.xml	GCTGGGATTACAGGC	MEME-2	GCTGGGATTACAGGC	0	0	.	.	.	9.37e-25	124	4	7	193	9.85e-07	8.87e-06
meme.xml	GCTGGGATTACAGGC	MEME-2	GCTGGGATTACAGGC	meme.xml	GCTGGGATTACAGGC	MEME-2	GCTGGGATTACAGGC	0	0	.	.	.	9.37e-25	124	5	7	193	9.85e-07	8.87e-06
meme.xml	GCTGGGATTACAGGC	MEME-2	GCTGGGATTACAGGC	streme.xml	3-ACAGGCRTGAGCCAC	STREME-3	ACAGGCRTGAGCCAC	0	0	streme.xml	GCTGGGATTACAGGC	MEME-2	3.00e-24	112	0	19	166	3.89e-29	3.50e-28
meme.xml	GCTGGGATTACAGGC	MEME-2	GCTGGGATTACAGGC	streme.xml	3-ACAGGCRTGAGCCAC	STREME-3	ACAGGCRTGAGCCAC	0	0	streme.xml	GCTGGGATTACAGGC	MEME-2	3.00e-24	112	4	19	166	1.58e-23	1.42e-22
meme.xml	GCTGGGATTACAGGC	MEME-2	GCTGGGATTACAGGC	streme.xml	3-ACAGGCRTGAGCCAC	STREME-3	ACAGGCRTGAGCCAC	0	0	streme.xml	GCTGGGATTACAGGC	MEME-2	3.00e-24	112	5	19	166	1.58e-23	1.42e-22
meme.xml	GCTGGGATTACAGGC	MEME-2	GCTGGGATTACAGGC	streme.xml	3-ACAGGCRTGAGCCAC	STREME-3	ACAGGCRTGAGCCAC	0	0	streme.xml	GCTGGGATTACAGGC	MEME-2	3.00e-24	111	0	15	166	6.32e-22	5.69e-21
meme.xml	GCTGGGATTACAGGC	MEME-2	GCTGGGATTACAGGC	streme.xml	3-ACAGGCRTGAGCCAC	STREME-3	ACAGGCRTGAGCCAC	0	0	streme.xml	GCTGGGATTACAGGC	MEME-2	3.00e-24	110	0	13	166	1.69e-18	1.52e-17
meme.xml	GCTGGGATTACAGGC	MEME-2	GCTGGGATTACAGGC	streme.xml	3-ACAGGCRTGAGCCAC	STREME-3	ACAGGCRTGAGCCAC	0	0	streme.xml	GCTGGGATTACAGGC	MEME-2	3.00e-24	112	8	19	166	4.94e-18	4.44e-17
meme.xml	GCTGGGATTACAGGC	MEME-2	GCTGGGATTACAGGC	streme.xml	3-ACAGGCRTGAGCCAC	STREME-3	ACAGGCRTGAGCCAC	0	0	streme.xml	GCTGGGATTACAGGC	MEME-2	3.00e-24	111	4	15	166	1.60e-17	1.44e-16
meme.xml	GCTGGGATTACAGGC	MEME-2	GCTGGGATTACAGGC	streme.xml	3-ACAGGCRTGAGCCAC	STREME-3	ACAGGCRTGAGCCAC	0	0	streme.xml	GCTGGGATTACAGGC	MEME-2	3.00e-24	111	5	15	166	1.60e-17	1.44e-16
meme.xml	GCTGGGATTACAGGC	MEME-2	GCTGGGATTACAGGC	streme.xml	3-ACAGGCRTGAGCCAC	STREME-3	ACAGGCRTGAGCCAC	0	0	streme.xml	GCTGGGATTACAGGC	MEME-2	3.00e-24	109	0	11	166	3.26e-15	2.94e-14
meme.xml	GCTGGGATTACAGGC	MEME-2	GCTGGGATTACAGGC	streme.xml	3-ACAGGCRTGAGCCAC	STREME-3	ACAGGCRTGAGCCAC	0	0	streme.xml	GCTGGGATTACAGGC	MEME-2	3.00e-24	110	4	13	166	1.06e-14	9.58e-14
meme.xml	GCTGGGATTACAGGC	MEME-2	GCTGGGATTACAGGC	streme.xml	3-ACAGGCRTGAGCCAC	STREME-3	ACAGGCRTGAGCCAC	0	0	streme.xml	GCTGGGATTACAGGC	MEME-2	3.00e-24	110	5	13	166	1.06e-14	9.58e-14
meme.xml	GCTGGGATTACAGGC	MEME-2	GCTGGGATTACAGGC	streme.xml	3-ACAGGCRTGAGCCAC	STREME-3	ACAGGCRTGAGCCAC	0	0	streme.xml	GCTGGGATTACAGGC	MEME-2	3.00e-24	110	8	15	166	3.11e-13	2.79e-12
meme.xml	GCTGGGATTACAGGC	MEME-2	GCTGGGATTACAGGC	streme.xml	3-ACAGGCRTGAGCCAC	STREME-3	ACAGGCRTGAGCCAC	0	0	streme.xml	GCTGGGATTACAGGC	MEME-2	3.00e-24	111	8	15	166	3.11e-13	2.79e-12
meme.xml	GCTGGGATTACAGGC	MEME-2	GCTGGGATTACAGGC	streme.xml	3-ACAGGCRTGAGCCAC	STREME-3	ACAGGCRTGAGCCAC	0	0	streme.xml	GCTGGGATTACAGGC	MEME-2	3.00e-24	109	4	11	166	5.15e-12	4.63e-11
meme.xml	GCTGGGATTACAGGC	MEME-2	GCTGGGATTACAGGC	streme.xml	3-ACAGGCRTGAGCCAC	STREME-3	ACAGGCRTGAGCCAC	0	0	streme.xml	GCTGGGATTACAGGC	MEME-2	3.00e-24	109	5	11	166	5.15e-12	4.63e-11
meme.xml	GCTGGGATTACAGGC	MEME-2	GCTGGGATTACAGGC	streme.xml	3-ACAGGCRTGAGCCAC	STREME-3	ACAGGCRTGAGCCAC	0	0	streme.xml	GCTGGGATTACAGGC	MEME-2	3.00e-24	108	0	7	166	3.70e-09	3.33e-08
meme.xml	GCTGGGATTACAGGC	MEME-2	GCTGGGATTACAGGC	streme.xml	3-ACAGGCRTGAGCCAC	STREME-3	ACAGGCRTGAGCCAC	0	0	streme.xml	GCTGGGATTACAGGC	MEME-2	3.00e-24	113	0	7	166	3.70e-09	3.33e-08
meme.xml	GCTGGGATTACAGGC	MEME-2	GCTGGGATTACAGGC	streme.xml	3-ACAGGCRTGAGCCAC	STREME-3	ACAGGCRTGAGCCAC	0	0	streme.xml	GCTGGGATTACAGGC	MEME-2	3.00e-24	109	8	11	166	6.26e-09	5.63e-08
meme.xml	GCTGGGATTACAGGC	MEME-2	GCTGGGATTACAGGC	streme.xml	3-ACAGGCRTGAGCCAC	STREME-3	ACAGGCRTGAGCCAC	0	0	streme.xml	GCTGGGATTACAGGC	MEME-2	3.00e-24	108	4	7	166	3.67e-07	3.30e-06
meme.xml	GCTGGGATTACAGGC	MEME-2	GCTGGGATTACAGGC	streme.xml	3-ACAGGCRTGAGCCAC	STREME-3	ACAGGCRTGAGCCAC	0	0	streme.xml	GCTGGGATTACAGGC	MEME-2	3.00e-24	113	4	7	166	3.67e-07	3.30e-06
meme.xml	GCTGGGATTACAGGC	MEME-2	GCTGGGATTACAGGC	streme.xml	3-ACAGGCRTGAGCCAC	STREME-3	ACAGGCRTGAGCCAC	0	0	streme.xml	GCTGGGATTACAGGC	MEME-2	3.00e-24	108	5	7	166	3.67e-07	3.30e-06
meme.xml	GCTGGGATTACAGGC	MEME-2	GCTGGGATTACAGGC	streme.xml	3-ACAGGCRTGAGCCAC	STREME-3	ACAGGCRTGAGCCAC	0	0	streme.xml	GCTGGGATTACAGGC	MEME-2	3.00e-24	113	5	7	166	3.67e-07	3.30e-06
meme.xml	GCTGGGATTACAGGC	MEME-2	GCTGGGATTACAGGC	streme.xml	3-ACAGGCRTGAGCCAC	STREME-3	ACAGGCRTGAGCCAC	0	0	streme.xml	GCTGGGATTACAGGC	MEME-2	3.00e-24	115	0	5	166	1.80e-06	1.62e-05
meme.xml	GCTGGGATTACAGGC	MEME-2	GCTGGGATTACAGGC	streme.xml	3-ACAGGCRTGAGCCAC	STREME-3	ACAGGCRTGAGCCAC	0	0	streme.xml	GCTGGGATTACAGGC	MEME-2	3.00e-24	113	8	8	166	4.09e-06	3.68e-05
meme.xml	GCTGGGATTACAGGC	MEME-2	GCTGGGATTACAGGC	streme.xml	1-CTGGGAY	STREME-1	CTGGGAY	0	0	streme.xml	GCTGGGATTACAGGC	MEME-2	1.83e-18	128	0	19	348	2.24e-23	2.01e-22
meme.xml	GCTGGGATTACAGGC	MEME-2	GCTGGGATTACAGGC	streme.xml	1-CTGGGAY	STREME-1	CTGGGAY	0	0	streme.xml	GCTGGGATTACAGGC	MEME-2	1.83e-18	128	4	19	348	6.82e-18	6.13e-17
meme.xml	GCTGGGATTACAGGC	MEME-2	GCTGGGATTACAGGC	streme.xml	1-CTGGGAY	STREME-1	CTGGGAY	0	0	streme.xml	GCTGGGATTACAGGC	MEME-2	1.83e-18	128	5	19	348	6.82e-18	6.13e-17
meme.xml	GCTGGGATTACAGGC	MEME-2	GCTGGGATTACAGGC	streme.xml	1-CTGGGAY	STREME-1	CTGGGAY	0	0	streme.xml	GCTGGGATTACAGGC	MEME-2	1.83e-18	32	0	12	348	2.64e-13	2.38e-12
meme.xml	GCTGGGATTACAGGC	MEME-2	GCTGGGATTACAGGC	streme.xml	1-CTGGGAY	STREME-1	CTGGGAY	0	0	streme.xml	GCTGGGATTACAGGC	MEME-2	1.83e-18	126	0	12	348	2.64e-13	2.38e-12
meme.xml	GCTGGGATTACAGGC	MEME-2	GCTGGGATTACAGGC	streme.xml	1-CTGGGAY	STREME-1	CTGGGAY	0	0	streme.xml	GCTGGGATTACAGGC	MEME-2	1.83e-18	128	8	19	348	1.21e-12	1.09e-11
meme.xml	GCTGGGATTACAGGC	MEME-2	GCTGGGATTACAGGC	streme.xml	1-CTGGGAY	STREME-1	CTGGGAY	0	0	streme.xml	GCTGGGATTACAGGC	MEME-2	1.83e-18	127	0	11	348	5.44e-12	4.89e-11
meme.xml	GCTGGGATTACAGGC	MEME-2	GCTGGGATTACAGGC	streme.xml	1-CTGGGAY	STREME-1	CTGGGAY	0	0	streme.xml	GCTGGGATTACAGGC	MEME-2	1.83e-18	129	0	11	348	5.44e-12	4.89e-11
meme.xml	GCTGGGATTACAGGC	MEME-2	GCTGGGATTACAGGC	streme.xml	1-CTGGGAY	STREME-1	CTGGGAY	0	0	streme.xml	GCTGGGATTACAGGC	MEME-2	1.83e-18	32	4	13	348	5.66e-11	5.09e-10
meme.xml	GCTGGGATTACAGGC	MEME-2	GCTGGGATTACAGGC	streme.xml	1-CTGGGAY	STREME-1	CTGGGAY	0	0	streme.xml	GCTGGGATTACAGGC	MEME-2	1.83e-18	126	4	13	348	5.66e-11	5.09e-10
meme.xml	GCTGGGATTACAGGC	MEME-2	GCTGGGATTACAGGC	streme.xml	1-CTGGGAY	STREME-1	CTGGGAY	0	0	streme.xml	GCTGGGATTACAGGC	MEME-2	1.83e-18	125	0	10	348	1.02e-10	9.20e-10
meme.xml	GCTGGGATTACAGGC	MEME-2	GCTGGGATTACAGGC	streme.xml	1-CTGGGAY	STREME-1	CTGGGAY	0	0	streme.xml	GCTGGGATTACAGGC	MEME-2	1.83e-18	127	4	12	348	6.33e-10	5.70e-09
meme.xml	GCTGGGATTACAGGC	MEME-2	GCTGGGATTACAGGC	streme.xml	1-CTGGGAY	STREME-1	CTGGGAY	0	0	streme.xml	GCTGGGATTACAGGC	MEME-2	1.83e-18	32	5	12	348	6.33e-10	5.70e-09
meme.xml	GCTGGGATTACAGGC	MEME-2	GCTGGGATTACAGGC	streme.xml	1-CTGGGAY	STREME-1	CTGGGAY	0	0	streme.xml	GCTGGGATTACAGGC	MEME-2	1.83e-18	126	5	12	348	6.33e-10	5.70e-09
meme.xml	GCTGGGATTACAGGC	MEME-2	GCTGGGATTACAGGC	streme.xml	1-CTGGGAY	STREME-1	CTGGGAY	0	0	streme.xml	GCTGGGATTACAGGC	MEME-2	1.83e-18	129	4	11	348	6.52e-09	5.87e-08
meme.xml	GCTGGGATTACAGGC	MEME-2	GCTGGGATTACAGGC	streme.xml	1-CTGGGAY	STREME-1	CTGGGAY	0	0	streme.xml	GCTGGGATTACAGGC	MEME-2	1.83e-18	125	5	11	348	6.52e-09	5.87e-08
meme.xml	GCTGGGATTACAGGC	MEME-2	GCTGGGATTACAGGC	streme.xml	1-CTGGGAY	STREME-1	CTGGGAY	0	0	streme.xml	GCTGGGATTACAGGC	MEME-2	1.83e-18	127	5	11	348	6.52e-09	5.87e-08
meme.xml	GCTGGGATTACAGGC	MEME-2	GCTGGGATTACAGGC	streme.xml	1-CTGGGAY	STREME-1	CTGGGAY	0	0	streme.xml	GCTGGGATTACAGGC	MEME-2	1.83e-18	129	5	11	348	6.52e-09	5.87e-08
meme.xml	GCTGGGATTACAGGC	MEME-2	GCTGGGATTACAGGC	streme.xml	1-CTGGGAY	STREME-1	CTGGGAY	0	0	streme.xml	GCTGGGATTACAGGC	MEME-2	1.83e-18	126	8	14	348	2.61e-08	2.35e-07
meme.xml	GCTGGGATTACAGGC	MEME-2	GCTGGGATTACAGGC	streme.xml	1-CTGGGAY	STREME-1	CTGGGAY	0	0	streme.xml	GCTGGGATTACAGGC	MEME-2	1.83e-18	127	8	14	348	2.61e-08	2.35e-07
meme.xml	GCTGGGATTACAGGC	MEME-2	GCTGGGATTACAGGC	streme.xml	1-CTGGGAY	STREME-1	CTGGGAY	0	0	streme.xml	GCTGGGATTACAGGC	MEME-2	1.83e-18	131	0	8	348	2.67e-08	2.41e-07
meme.xml	GCTGGGATTACAGGC	MEME-2	GCTGGGATTACAGGC	streme.xml	1-CTGGGAY	STREME-1	CTGGGAY	0	0	streme.xml	GCTGGGATTACAGGC	MEME-2	1.83e-18	125	4	10	348	6.16e-08	5.54e-07
meme.xml	GCTGGGATTACAGGC	MEME-2	GCTGGGATTACAGGC	streme.xml	1-CTGGGAY	STREME-1	CTGGGAY	0	0	streme.xml	GCTGGGATTACAGGC	MEME-2	1.83e-18	32	8	13	348	1.58e-07	1.42e-06
meme.xml	GCTGGGATTACAGGC	MEME-2	GCTGGGATTACAGGC	streme.xml	1-CTGGGAY	STREME-1	CTGGGAY	0	0	streme.xml	GCTGGGATTACAGGC	MEME-2	1.83e-18	129	8	13	348	1.58e-07	1.42e-06
meme.xml	GCTGGGATTACAGGC	MEME-2	GCTGGGATTACAGGC	streme.xml	1-CTGGGAY	STREME-1	CTGGGAY	0	0	streme.xml	GCTGGGATTACAGGC	MEME-2	1.83e-18	124	0	7	348	3.64e-07	3.27e-06
meme.xml	GCTGGGATTACAGGC	MEME-2	GCTGGGATTACAGGC	streme.xml	1-CTGGGAY	STREME-1	CTGGGAY	0	0	streme.xml	GCTGGGATTACAGGC	MEME-2	1.83e-18	125	8	12	348	8.89e-07	8.00e-06
meme.xml	GCTGGGATTACAGGC	MEME-2	GCTGGGATTACAGGC	streme.xml	1-CTGGGAY	STREME-1	CTGGGAY	0	0	streme.xml	GCTGGGATTACAGGC	MEME-2	1.83e-18	131	4	8	348	4.07e-06	3.66e-05
meme.xml	GCTGGGATTACAGGC	MEME-2	GCTGGGATTACAGGC	streme.xml	1-CTGGGAY	STREME-1	CTGGGAY	0	0	streme.xml	GCTGGGATTACAGGC	MEME-2	1.83e-18	131	5	8	348	4.07e-06	3.66e-05

# SpaMo (Spaced Motif Analysis Tool): Version 5.5.1 compiled on Feb  5 2023 at 16:40:36
# The format of this file is described at https://meme-suite.org/meme/doc/spamo-output-format.html.
# spamo -verbosity 1 -oc spamo_out_3 -bgfile ./background -keepprimary -primary GCTGGGATTACAGGC ./Galaxy7-hypoacetylation_fasta.fasta meme_out/meme.xml meme_out/meme.xml streme_out/streme.xml
