Query_ID	Target_ID	Optimal_offset	p-value	E-value	q-value	Overlap	Query_consensus	Target_consensus	Orientation
AAWAAAAAWAAAAAA	FOXJ3_HUMAN.H11MO.0.A	-2	1.14028e-06	0.000457252	0.000887789	13	AAAAAAAAAAAAAAA	AAAAAATAAACAA	-
AAWAAAAAWAAAAAA	PRDM6_HUMAN.H11MO.0.C	-2	8.41893e-06	0.00337599	0.00327737	13	AAAAAAAAAAAAAAA	AAAAAGAAAAAAA	+
AAWAAAAAWAAAAAA	ANDR_HUMAN.H11MO.0.A	3	1.32257e-05	0.0053035	0.00343238	15	AAAAAAAAAAAAAAA	AGCAAACAAAAAAGAACA	-
AAWAAAAAWAAAAAA	GATA3_HUMAN.H11MO.0.A	-3	0.00038562	0.154633	0.0685626	11	AAAAAAAAAAAAAAA	AAAGATAAGAA	+
AAWAAAAAWAAAAAA	NFAC1_HUMAN.H11MO.0.B	0	0.000462374	0.185412	0.0685626	15	AAAAAAAAAAAAAAA	ATGGAAAAAAAGAAA	+
AAWAAAAAWAAAAAA	MEF2B_HUMAN.H11MO.0.A	-1	0.000528372	0.211877	0.0685626	14	AAAAAAAAAAAAAAA	CCAAAAATAGCAAC	-
AAWAAAAAWAAAAAA	SRY_HUMAN.H11MO.0.B	-6	0.000651313	0.261177	0.072442	9	AAAAAAAAAAAAAAA	AAAACAAAA	-
AAWAAAAAWAAAAAA	FOXO4_HUMAN.H11MO.0.C	-6	0.00082765	0.331888	0.0805481	9	AAAAAAAAAAAAAAA	AATAAACAA	-
AAWAAAAAWAAAAAA	ZFP28_HUMAN.H11MO.0.C	2	0.00112263	0.450174	0.0899579	15	AAAAAAAAAAAAAAA	TGACACAAGAAGAAATAGAA	-
AAWAAAAAWAAAAAA	IRF1_HUMAN.H11MO.0.A	0	0.00117051	0.469374	0.0899579	15	AAAAAAAAAAAAAAA	GAAAATGAAAGTGAAAGTAA	+
AAWAAAAAWAAAAAA	FOXQ1_HUMAN.H11MO.0.C	-5	0.00127097	0.509657	0.0899579	10	AAAAAAAAAAAAAAA	AAATAAACAATG	-
AAWAAAAAWAAAAAA	FOXJ2_HUMAN.H11MO.0.C	-4	0.00191488	0.767869	0.118039	10	AAAAAAAAAAAAAAA	TAAATAAACA	-
AAWAAAAAWAAAAAA	HNF6_HUMAN.H11MO.0.B	-1	0.00209005	0.83811	0.118039	11	AAAAAAAAAAAAAAA	AAATCAATAAA	-
AAWAAAAAWAAAAAA	FOXK1_HUMAN.H11MO.0.A	-4	0.00212253	0.851135	0.118039	10	AAAAAAAAAAAAAAA	AAAGTAAACA	-
AAWAAAAAWAAAAAA	CDX2_HUMAN.H11MO.0.A	-1	0.00239656	0.96102	0.122557	12	AAAAAAAAAAAAAAA	ACAGCAATAAAA	-
GCTGGGATTACAGGC	ZN264_HUMAN.H11MO.0.C	0	0.00125824	0.504555	1	15	GCTGGGATTACAGGC	AATGGGATTAGTGCCCTTATAAGA	-
CCTYRGCCTCCCRAR	ZN770_HUMAN.H11MO.0.C	10	9.23246e-06	0.00370222	0.00740443	12	CCTCAGCCTCCCAAA	GATCCTCCCGCCTCAGCCTCCC	-
CCTYRGCCTCCCRAR	IKZF1_HUMAN.H11MO.0.C	-6	0.000109157	0.0437721	0.0437721	8	CCTCAGCCTCCCAAA	TCTCCCAA	-

# Tomtom (Motif Comparison Tool): Version 5.5.1 compiled on Feb  5 2023 at 16:40:38
# The format of this file is described at https://meme-suite.org/meme/doc/tomtom-output-format.html.
# tomtom -verbosity 1 -oc meme_tomtom_out -min-overlap 5 -dist pearson -evalue -thresh 1 -no-ssc meme_out/meme.xml db/motif_databases/HUMAN/HOCOMOCOv11_core_HUMAN_mono_meme_format.meme
